<?xml version='1.0' encoding='UTF-8' ?>
<timeLogEntries>
  <time id="37" path="/Non Project/PSP Training/Program 3/Planning" start="@1584622312002" delta="7" flag="A" />
  <time id="38" path="/Non Project/PSP Training/Program 3/Design" start="@1584622860410" delta="39" flag="A" />
  <time id="39" path="/Non Project/PSP Training/Program 3/Design" start="@1584625840390" delta="12" flag="A" />
  <time id="40" path="/Non Project/PSP Training/Program 3/Design Review" start="@1584626530824" delta="36" flag="A" />
  <time id="41" path="/Non Project/PSP Training/Program 3/Code" start="@1584628701811" delta="26" flag="A" />
  <time id="42" path="/Non Project/PSP Training/Program 3/Code" start="@1584631077597" delta="14" flag="A" />
  <time id="43" path="/Non Project/PSP Training/Program 3/Code Review" start="@1584634133142" delta="10" flag="A" />
  <time id="44" path="/Non Project/PSP Training/Program 3/Test" start="@1584634755176" delta="26" interrupt="553" flag="A" />
  <time id="45" path="/Non Project/PSP Training/Program 3/Postmortem" start="@1584669546567" delta="57" flag="A" />
</timeLogEntries>
