<?xml version='1.0' encoding='UTF-8' ?>
<timeLogEntries>
  <time id="23" path="/Non Project/PSP Training/Program 2/Design" start="@1583175100376" delta="12" flag="A" />
  <time id="24" path="/Non Project/PSP Training/Program 2/Design" start="@1583181913918" delta="30" flag="A" />
  <time id="25" path="/Non Project/PSP Training/Program 2/Code" start="@1583186744704" delta="14" interrupt="2" flag="A" />
  <time id="26" path="/Non Project/PSP Training/Program 2/Code" start="@1583188124830" delta="27" flag="A" />
  <time id="27" path="/Non Project/PSP Training/Program 2/Code" start="@1583190562972" delta="7" flag="A" />
  <time id="28" path="/Non Project/PSP Training/Program 2/Code" start="@1583194733907" delta="42" interrupt="2" flag="A" />
  <time id="29" path="/Non Project/PSP Training/Program 2/Code" start="@1583200922033" delta="16" flag="A" />
  <time id="30" path="/Non Project/PSP Training/Program 2/Compile" start="@1583203199536" delta="16" interrupt="5" flag="A" />
  <time id="31" path="/Non Project/PSP Training/Program 2/Compile" start="@1583207396534" delta="8" flag="A" />
  <time id="32" path="/Non Project/PSP Training/Program 2/Test" start="@1583207920834" delta="73" flag="A" />
  <time id="33" path="/Non Project/PSP Training/Program 2/Test" start="@1583242221851" delta="5" flag="A" />
  <time id="34" path="/Non Project/PSP Training/Program 2/Postmortem" start="@1583243564399" delta="5" flag="A" />
  <time id="35" path="/Non Project/PSP Training/Program 2/Postmortem" start="@1583245118209" delta="4" flag="A" />
</timeLogEntries>
