<?xml version='1.0' encoding='UTF-8' ?>
<timeLogEntries>
  <time id="1" path="/Non Project/PSP Training/Student Profile" start="@1582057006477" delta="7" interrupt="3" />
  <time id="2" path="/Non Project/PSP Training/Program 1/Planning" start="@1582057749955" delta="9" interrupt="1" />
  <time id="3" path="/Non Project/PSP Training/Program 1/Planning" start="@1582058814361" delta="3" />
  <time id="4" path="/Non Project/PSP Training/Program 1/Design" start="@1582058910353" />
  <time id="5" path="/Non Project/PSP Training/Program 1/Design" start="@1582059019800" delta="1" />
  <time id="6" path="/Non Project/PSP Training/Program 1/Code" start="@1582059024586" delta="15" />
  <time id="7" path="/Non Project/PSP Training/Program 1/Code" start="@1582061494905" delta="9" />
  <time id="10" path="/Non Project/PSP Training/Program 1/Test" start="@1582065226572" delta="10" />
  <time id="11" path="/Non Project/PSP Training/Program 1/Test" start="@1582066240366" delta="10" />
  <time id="12" path="/Non Project/PSP Training/Program 1/Postmortem" start="@1582066876117" delta="14" />
  <time id="13" path="/Non Project/PSP Training/Program 1/Compile" start="@1582067959327" delta="1" />
  <time id="14" path="/Non Project/PSP Training/Program 1/Design" start="@1582070018708" delta="10" />
  <time id="16" path="/Non Project/PSP Training/Program 1/Code" start="@1582061981000" delta="7" />
  <time id="17" path="/Non Project/PSP Training/Program 1/Code" start="@1582063498000" delta="21" />
  <time id="18" path="/Non Project/PSP Training/Program 2/Planning" start="@1582679755959" delta="6" interrupt="2" />
  <time id="19" path="/Non Project/PSP Training/Program 2/Planning" start="@1583093221238" delta="2" />
  <time id="20" path="/Non Project/PSP Training/Program 2/Planning" start="@1583093835122" delta="12" />
  <time id="21" path="/Non Project/PSP Training/Program 2/Planning" start="@1583112764993" delta="3" />
  <time id="22" path="/Non Project/PSP Training/Program 2/Planning" start="@1583113939329" delta="2" />
</timeLogEntries>
