<?xml version='1.0' encoding='UTF-8' ?>
<timeLogEntries>
  <time id="64" path="/Non Project/PSP Training/Program 5/Planning" start="@1587521798418" delta="9" interrupt="1" flag="A" />
  <time id="65" path="/Non Project/PSP Training/Program 5/Planning" start="@1587523448421" delta="1" flag="A" />
  <time id="66" path="/Non Project/PSP Training/Program 5/Planning" start="@1587524124370" delta="6" flag="A" />
  <time id="67" path="/Non Project/PSP Training/Program 5/Design" start="@1587524507879" delta="14" flag="A" />
  <time id="68" path="/Non Project/PSP Training/Program 5/Design" start="@1587525701173" delta="2" flag="A" />
  <time id="69" path="/Non Project/PSP Training/Program 5/Design" start="@1587571755324" delta="56" interrupt="4" flag="A" />
  <time id="70" path="/Non Project/PSP Training/Program 5/Design Review" start="@1587578851240" delta="15" flag="A" />
  <time id="71" path="/Non Project/PSP Training/Program 5/Code" start="@1587579781949" delta="35" flag="A" />
  <time id="72" path="/Non Project/PSP Training/Program 5/Code" start="@1587589096602" delta="105" flag="A" />
  <time id="73" path="/Non Project/PSP Training/Program 5/Code Review" start="@1587598256563" delta="5" flag="A" />
  <time id="74" path="/Non Project/PSP Training/Program 5/Test" start="@1587598583274" delta="8" interrupt="33" flag="A" />
  <time id="75" path="/Non Project/PSP Training/Program 5/Postmortem" start="@1587601218049" delta="1" flag="A" />
  <time id="76" path="/Non Project/PSP Training/Program 5/Postmortem" start="@1587601891695" delta="2" flag="A" />
  <time id="77" path="/Non Project/PSP Training/Program 5/Postmortem" start="@1587602471054" delta="10" flag="A" />
  <time id="78" path="/Non Project/PSP Training/Program 5/Postmortem" start="@1587604239334" delta="20" flag="A" />
  <time id="79" path="/Non Project/PSP Training/Program 5/Postmortem" start="@1587606982949" delta="19" flag="A" />
</timeLogEntries>
